时间,排名,热度,内容
2022/02/22 19:33,第1名, 2979290,大妈发现丈夫临终前向前女友转345万
2022/02/22 19:33,第2名,综艺 1558038,谷爱凌最想删除的视频
2022/02/22 19:33,第3名, 1412526,爱和友谊永不落幕
2022/02/22 19:33,第4名, 1372270,俄美等五国纷纷在微博就乌东局势发声
2022/02/22 19:33,第5名, 1300163,男子每天吸40根烟引发脑梗死
2022/02/22 19:33,第6名, 1043233,方便面别再煮着吃了
2022/02/22 19:33,第7名, ,星玉计划
2022/02/22 19:33,第8名, 1032879,延迟退休江苏率先落地
2022/02/22 19:33,第9名, 985093,我读研期间单身的原因
2022/02/22 19:33,第10名, 770672,清华大学欢迎苏翊鸣报考
时间,排名,热度,内容
2022/02/22 19:37,第1名, 3044525,大妈发现丈夫临终前向前女友转345万
2022/02/22 19:37,第2名,综艺 1534888,谷爱凌最想删除的视频
2022/02/22 19:37,第3名, 1429201,爱和友谊永不落幕
2022/02/22 19:37,第4名, ,原来姜文也不喜欢早起
2022/02/22 19:37,第5名, 1342037,俄美等五国纷纷在微博就乌东局势发声
2022/02/22 19:37,第6名, 1213737,男子每天吸40根烟引发脑梗死
2022/02/22 19:37,第7名, 1112730,我读研期间单身的原因
2022/02/22 19:37,第8名, 1054425,延迟退休江苏率先落地
2022/02/22 19:37,第9名, 1031902,方便面别再煮着吃了
2022/02/22 19:37,第10名, 811731,清华大学欢迎苏翊鸣报考
2022/02/22 19:38,第1名, 3077162,大妈发现丈夫临终前向前女友转345万
2022/02/22 19:38,第2名,综艺 1528051,谷爱凌最想删除的视频
2022/02/22 19:38,第3名, 1377932,爱和友谊永不落幕
2022/02/22 19:38,第4名, ,新春美酒大赏
2022/02/22 19:38,第5名, 1348806,俄美等五国纷纷在微博就乌东局势发声
2022/02/22 19:38,第6名, 1197922,男子每天吸40根烟引发脑梗死
2022/02/22 19:38,第7名, 1193916,我读研期间单身的原因
2022/02/22 19:38,第8名, 1093635,延迟退休江苏率先落地
2022/02/22 19:38,第9名, 1035115,方便面别再煮着吃了
2022/02/22 19:38,第10名, 828219,清华大学欢迎苏翊鸣报考
